CategoryName,ImageName
"Tires, rims and accessories",tires__rims_and_accessories_see_auto_parts___buy_favorably.jpg
Oils and fluids,oils_and_fluids_see_auto_parts___buy_favorably.jpg
Braking system,braking_system_see_auto_parts___buy_favorably.jpg
Filters,filters_see_auto_parts___buy_favorably.jpg
Engine,engine_see_auto_parts___buy_favorably.jpg
Windshield cleaning system,windshield_cleaning_system_see_car_parts___buy_favorably.jpg
Ignition system and glow plugs,ignition_system_and_glow_plugs_see_auto_parts___buy_favorably.jpg
"Suspension, rods",suspension__rods_see_auto_parts___buy_favorably.jpg
Electrical,electrical_see_auto_parts___buy_favorably.jpg
Depreciation,depreciation_see_auto_parts___buy_favorably.jpg
Exhaust gas recirculation,exhaust_gas_recirculation_see_auto_parts___buy_cheap.jpg
"Belts, chains, rollers",belts__chains__rollers_see_auto_parts___buy_favorably.jpg
Forced induction components,forced_induction_components_see_auto_parts___buy_favorably.jpg
Engine cooling system,engine_cooling_system_see_auto_parts___buy_favorably.jpg
Body,body_see_auto_parts___buy_favorably.jpg
Heating,heating_see_car_parts___buy_favorably.jpg
Gaskets and sealing rings,gaskets_and_sealing_rings_see_auto_parts___buy_favorably.jpg
Exhaust system,exhaust_system_see_auto_parts___buy_favorably.jpg
Passenger compartment and secondary comfort devices,passenger_compartment_and_secondary_comfort_devices_view_auto_parts___buy_favorably.jpg
Fuel system,fuel_system_see_auto_parts___buy_favorably.jpg
Management,management_see_auto_parts___buy_favorably.jpg
Clutch / parts,clutch___parts_see_auto_parts___buy_favorably.jpg
Planetary Joint / Planetary,planetary_joint___planetary_see_auto_parts___buy_favorably.jpg
Air suspension,air_suspension_see_auto_parts___buy_favorably.jpg
Towing system / parts,towing_system___parts_see_auto_parts___buy_favorably.jpg
Gearbox,gearbox_see_auto_parts___buy_favorably.jpg
Air conditioning system,air_conditioning_system_see_auto_parts___buy_favorably.jpg
Bearings,bearings_see_auto_parts___buy_favorably.jpg
Cardan shafts and differentials,cardan_shafts_and_differentials_see_auto_parts___buy_favorably.jpg
"Sensors, relays, control units",sensors__relays__control_units_see_auto_parts___buy_favorably.jpg
Car accessories online,car_accessories_online.jpg
Repair kit,repair_kit_see_auto_parts___buy_favorably.jpg
Professional tools,professional_tools.jpg
Connections and hoses,connections_and_hoses_see_auto_parts___buy_favorably.jpg
Car care and cosmetic products,car_care_and_cosmetic_products.jpg
Lighting,lighting_see_auto_parts___buy_favorably.jpg
Tuning,tuning_see_auto_parts___buy_favorably.jpg
Fasteners,fasteners_see_auto_parts___buy_favorably.jpg